
/*
Pour mettre les dates au format jj-mm-aaaa
*/

ALTER session SET NLS_DATE_FORMAT='DD-MM-YYYY' ; 
SET LINESIZE 90;
SET PAGESIZE 30;

/*
Effacer les anciennes valeurs des relations
*/
DELETE FROM EMPRUNT; 
DELETE FROM CARACTERISE; 
DELETE FROM MOT_CLEF; 
DELETE FROM EXEMPLAIRE; 
DELETE FROM ABONNE; 
DELETE FROM LIVRE; 
/*
Insertion des tuples dans les relations
*/
prompt ------------------------------------------;
prompt -----     insertion abonne    ------------;
prompt ------------------------------------------;


INSERT INTO ABONNE VALUES (901001,'LEVEQUE','PIERRE','MONTPELLIER',40,500,NULL) ; 
INSERT INTO ABONNE VALUES (902043,'DUPONT','MARIE','MONTPELLIER',20,200,20); 
INSERT INTO ABONNE VALUES (902075,'RENARD','ALBERT','MONTPELLIER',18,200,NULL); 
INSERT INTO ABONNE VALUES (911007,'MARTIN','LOIC','BEZIER',35,500,20); 
INSERT INTO ABONNE VALUES (911021,'DUPONT','ANTOINE','MONTPELLIER',38,200,NULL ); 
INSERT INTO ABONNE VALUES (911022,'DUPONT','SYLVIE','MONTPELLIER',35,300,NULL); 
INSERT INTO ABONNE VALUES (911023,'DUPONT','JEAN','MONTPELLIER',22,100,20); 
INSERT INTO ABONNE VALUES (922011,'MEUNIER','LUC','MONTPELLIER',14,90,NULL); 
INSERT INTO ABONNE VALUES (921102,'LUCAS','PAUL','MONTPELLIER',48,300,20); 
INSERT INTO ABONNE VALUES (922143,'REVEST','ANNIE','MONTPELLIER',12,100,NULL); 
INSERT INTO ABONNE VALUES (932010,'ANTON','JEANNE','MONTPELLIER',10,100,NULL); 


prompt ------------------------------------------;
prompt -----     insertion livre     ------------;
prompt ------------------------------------------;


INSERT INTO LIVRE VALUES ('1_104_1050_2','LE MUR',20,'NOUVELLE'); 
INSERT INTO LIVRE VALUES ('0_15_270500_3','LE MIRACLE DE LA ROSE',20,'ROMAN'); 
INSERT INTO LIVRE VALUES ('0_85_4107_3','L ENFANT',19,'ROMAN'); 
INSERT INTO LIVRE VALUES ('0_112_3785_5','POESIES COMPLETES', 15,'POEME'); 
INSERT INTO LIVRE VALUES ('0_201_14439_5','AN INTRODUCTION TO DATABASE SYSTEMS',20,'SCIENCES'); 
INSERT INTO LIVRE VALUES ('0_12_27550_2','NEW APPLICATIONS OF DATABASES',20,'SCIENCES'); 
INSERT INTO LIVRE VALUES ('0_8_7707_2','BASES DE DONNEES RELATIONNELLES',20,'SCIENCES'); 
INSERT INTO LIVRE VALUES ('1_22_1721_3','LE NOM DE LA ROSE',20,'ROMAN'); 
INSERT INTO LIVRE VALUES ('3_505_13700_5','LE GRAND VESTIAIRE',20,'ROMAN'); 
INSERT INTO LIVRE VALUES ('0_18_47892_2','UNE ROSE POUR MORRISSON',20,'ROMAN'); 
INSERT INTO LIVRE VALUES ('9_782070_36','LA PERLE',20,'ROMAN'); 
INSERT INTO LIVRE VALUES ('2_7296_0040','GODEL ESCHER BACH : LES BRINS D UNE GUIRLANDE',20,'HISTOIRE'); 
INSERT INTO LIVRE VALUES ('0_26_28079_6','OBJET, DE MERISE A C++',20,'SCIENCES'); 


prompt ------------------------------------------;
prompt -----     insertion MOT_CLEF  ------------;
prompt ------------------------------------------;


INSERT INTO MOT_CLEF VALUES ('LITTERATURE'); 
INSERT INTO MOT_CLEF VALUES ('ROMAN'); 
INSERT INTO MOT_CLEF VALUES ('POESIE'); 
INSERT INTO MOT_CLEF VALUES ('SCIENCES'); 
INSERT INTO MOT_CLEF VALUES ('INFORMATIQUE'); 
INSERT INTO MOT_CLEF VALUES ('BASES DE DONNEES'); 
INSERT INTO MOT_CLEF VALUES ('HISTOIRE'); 
INSERT INTO MOT_CLEF VALUES ('ESSAI'); 
INSERT INTO MOT_CLEF VALUES ('NOUVELLE'); 
INSERT INTO MOT_CLEF VALUES ('MEDECINE'); 


prompt ------------------------------------------;
prompt -----     insertion CARACTERISE   --------;
prompt ------------------------------------------;


INSERT INTO CARACTERISE VALUES ('1_104_1050_2','LITTERATURE'); 
INSERT INTO CARACTERISE VALUES ('0_15_270500_3','LITTERATURE'); 
INSERT INTO CARACTERISE VALUES ('0_15_270500_3','ROMAN'); 
INSERT INTO CARACTERISE VALUES ('0_85_4107_3','LITTERATURE'); 
INSERT INTO CARACTERISE VALUES ('0_85_4107_3','ROMAN'); 
INSERT INTO CARACTERISE VALUES ('0_112_3785_5','LITTERATURE'); 
INSERT INTO CARACTERISE VALUES ('0_112_3785_5','POESIE'); 
INSERT INTO CARACTERISE VALUES ('0_201_14439_5','SCIENCES'); 
INSERT INTO CARACTERISE VALUES ('0_201_14439_5','INFORMATIQUE'); 
INSERT INTO CARACTERISE VALUES ('0_201_14439_5','RELATIONNEL'); 
INSERT INTO CARACTERISE VALUES ('0_12_27550_2','SCIENCES');
INSERT INTO CARACTERISE VALUES ('0_12_27550_2','INFORMATIQUE'); 
INSERT INTO CARACTERISE VALUES ('0_8_7707_2','SCIENCES'); 
INSERT INTO CARACTERISE VALUES ('0_8_7707_2','INFORMATIQUE'); 
INSERT INTO CARACTERISE VALUES ('0_8_7707_2','BASES DE DONNEES'); 
INSERT INTO CARACTERISE VALUES ('1_22_1721_3','ROMAN'); 
INSERT INTO CARACTERISE VALUES ('1_22_1721_3','HISTOIRE'); 
INSERT INTO CARACTERISE VALUES ('3_505_13700_5','LITTERATURE'); 
INSERT INTO CARACTERISE VALUES ('3_505_13700_5','ROMAN'); 
INSERT INTO CARACTERISE VALUES ('0_26_28079_6','SCIENCES'); 
INSERT INTO CARACTERISE VALUES ('0_26_28079_6','INFORMATIQUE'); 
INSERT INTO CARACTERISE VALUES ('0_26_28079_6','BASES DE DONNEES'); 



prompt ------------------------------------------;
prompt -----     insertion EXEMPLAIRE  ----------;
prompt ------------------------------------------;



INSERT INTO EXEMPLAIRE VALUES (1010, '10-04-2006',55,'EMPRUNTABLE','BON','0_18_47892_2'); 
INSERT INTO EXEMPLAIRE VALUES (1011, '10-04-2006',55,'EMPRUNTABLE','BON','0_18_47892_2'); 
INSERT INTO EXEMPLAIRE VALUES (1012, '20-05-2006',112,'EMPRUNTABLE','BON','3_505_13700_5'); 
INSERT INTO EXEMPLAIRE VALUES (2909, '30-03-2011',35,'EMPRUNTABLE','BON','3_505_13700_5'); 
INSERT INTO EXEMPLAIRE VALUES (2673, '15-03-2013',42,'EMPRUNTABLE','ABIME','3_505_13700_5'); 
INSERT INTO EXEMPLAIRE VALUES (2710, '20-06-2005',270,'CONSULTABLE','BON','0_8_7707_2'); 
INSERT INTO EXEMPLAIRE VALUES (2711, '20-06-2005',270,'EMPRUNTABLE','BON','0_8_7707_2'); 
INSERT INTO EXEMPLAIRE VALUES (3014, '15-09-2011',420,'CONSULTABLE','BON','0_201_14439_5'); 
INSERT INTO EXEMPLAIRE VALUES (3016, '15-09-2011',420,'EMPRUNTABLE','BON','0_201_14439_5'); 
INSERT INTO EXEMPLAIRE VALUES (3702, '20-02-2014',210,'EMPRUNTABLE','BON','1_22_1721_3'); 
INSERT INTO EXEMPLAIRE VALUES (3703, '20-02-2014',210,'CONSULTABLE','BON','1_22_1721_3'); 
INSERT INTO EXEMPLAIRE VALUES (4111, '03-01-2018',48,'EMPRUNTABLE','BON','1_22_1721_3'); 
INSERT INTO EXEMPLAIRE VALUES (4112, '03-01-2018',48,'EXCLU','BON','1_22_1721_3'); 
INSERT INTO EXEMPLAIRE VALUES (4203, '29-11-2014',35,'EMPRUNTABLE','BON','1_104_1050_2'); 
INSERT INTO EXEMPLAIRE VALUES (4204, '29-11-2014',35,'EMPRUNTABLE','ABIME','1_104_1050_2'); 
INSERT INTO EXEMPLAIRE VALUES (5003, '10-06-2015',39,'EMPRUNTABLE','BON','1_104_1050_2'); 
INSERT INTO EXEMPLAIRE VALUES (5004, '10-06-2015',41,'EMPRUNTABLE','BON','0_15_270500_3'); 
INSERT INTO EXEMPLAIRE VALUES (5005, '10-06-2015',41,'EMPRUNTABLE','BON','0_15_270500_3'); 
INSERT INTO EXEMPLAIRE VALUES (5103, '20-12-2011',470,'CONSULTABLE','BON','0_12_27550_2'); 
INSERT INTO EXEMPLAIRE VALUES (5104, '20-12-2011',470,'EMPRUNTABLE','BON','0_12_27550_2'); 
INSERT INTO EXEMPLAIRE VALUES (6006, '15-12-2018',33,'EMPRUNTABLE','BON','0_85_4107_3'); 
INSERT INTO EXEMPLAIRE VALUES (6007, '15-12-2018',33,'EMPRUNTABLE','BON','0_85_4107_3'); 
INSERT INTO EXEMPLAIRE VALUES (5202, '18-10-2015',40,'EMPRUNTABLE','BON','0_18_47892_2'); 
INSERT INTO EXEMPLAIRE VALUES (7000, '01-09-2008',420,'CONSULTABLE','BON','2_7296_0040'); 
INSERT INTO EXEMPLAIRE VALUES (7001, '01-09-2008',420,'EMPRUNTABLE','BON','2_7296_0040'); 
INSERT INTO EXEMPLAIRE VALUES (7002, '01-09-2008',420,'EXCLU','BON','2_7296_0040'); 
INSERT INTO EXEMPLAIRE VALUES (1090, '23-11-2006',150,'EXCLU','ABIME','9_782070_36'); 
INSERT INTO EXEMPLAIRE VALUES (1091, '23-11-2006',150,'CONSULTABLE','EN_REPARATION','9_782070_36'); 
INSERT INTO EXEMPLAIRE VALUES (1109, '30-05-2008',170,'EMPRUNTABLE','BON','9_782070_36'); 
INSERT INTO EXEMPLAIRE VALUES (6011, '30-05-2008',170,'EMPRUNTABLE','BON','0_112_3785_5');



prompt ------------------------------------------;
prompt -----     insertion EMPRUNT   ------------;
prompt ------------------------------------------;


INSERT INTO EMPRUNT VALUES (911022,6011,'19-08-2018', '15-09-2018','19-09-2018', NULL); 
INSERT INTO EMPRUNT VALUES (911023,6011,'20-09-2018', '16-10-2018','20-10-2018', NULL); 
INSERT INTO EMPRUNT VALUES (922011,6011,'21-10-2018', '23-10-2018','25-10-2018', NULL);
INSERT INTO EMPRUNT VALUES (911021,6011,'26-11-2018', '11-12-2018','17-12-2018', NULL);
INSERT INTO EMPRUNT VALUES (911007,6011,'2-01-2019', '10-02-2019','12-02-2019', NULL);
INSERT INTO EMPRUNT VALUES (921102,6011,'15-02-2019', '20-02-2019','25-02-2019', NULL);
INSERT INTO EMPRUNT VALUES (922143,6011,'3-03-2019', '20-03-2019','26-03-2019', NULL);
INSERT INTO EMPRUNT VALUES (932010,6011,'10-04-2019', '20-04-2019','26-04-2019', NULL);